trunc_ln470_fu_1687_p1,instruction_opcode
tmp_4_fu_1671_p3, instruction_l2g_dep_bit
tmp_6_fu_1679_p3, instruction_s2g_dep_bit
ap_CS_fsm_state1, is_state_idle
ap_CS_fsm, state_machine
ap_NS_fsm, state_machine_temp
ap_ST_fsm_state1, state_idle_code
icmp_ln473_fu_1697_p2,is_load_uop
icmp_ln493_fu_1703_p2,is_gemm_uop
icmp_ln470_fu_1691_p2,is_finish_uop
icmp_ln495_fu_1709_p2,is_alu_uop
trunc_ln3_fu_1811_p4,instruction_memop_id
icmp_ln477_fu_1821_p2,is_uop_memid
icmp_ln482_fu_1827_p2,is_acc_memid
ap_ST_fsm_state2, state_alu_start
tmp_35_fu_4597_p3, instruction_g2l_dep_bit
tmp_36_fu_11615_p3, instruction_g2s_dep_bit
ap_ST_fsm_state51, state_load_uop_start
ap_CS_fsm_state51, is_state_load_uop_start
uop_port_addr_reg_12976,uop_port_addr_reg
p_cast_fu_1657_p1,uop_dram_addr_offset
zext_ln480_fu_1859_p1, load_dram_base_addr
zext_ln480_2_fu_1869_p1,uop_dram_addr
ap_ST_fsm_state38,state_load_acc_start
ap_ST_fsm_state19,state_none
ap_ST_fsm_state20,state_gemm_start
ap_ST_fsm_state62,state_finish_start